id,cluster_id,x,y,summary,fullOpinion
001,A,0.12,-0.33,"子育て支援をもっと","子育てをしていると、日々の小さな負担が積み重なっていくのを実感します。特に保育園の空きが少ない地域では、働きたい気持ちがあっても預け先が見つからず、結局キャリアを諦めざるを得ない場面もあります。行政の支援が全くないわけではありませんが、実際の生活に寄り添った制度になっているとは言い難いです。もう少し柔軟に利用できる一時保育や、相談できる窓口が増えるだけでも、親としての安心感は大きく変わると思います。"
002,A,-0.41,0.22,"高齢者医療の不安","親の介護を経験して、医療と介護の境目が曖昧なまま家族に負担が押し寄せてくる現実を知りました。病院では『介護の範囲です』と言われ、介護サービスでは『医療行為なので対応できません』と言われる。その間にいる家族は、どうすればいいのか分からず途方に暮れます。制度の線引きよりも、現場で必要な支援が柔軟に受けられる仕組みがあれば、家族の負担は大きく減るはずです。"
003,A,0.55,0.18,"メンタルヘルス支援の不足","働きながら心の不調を抱える人は多いのに、相談できる場所が限られていると感じます。会社の窓口は形式的で、病院は予約が取りづらく、結局『我慢する』しか選択肢がない人が多いのではないでしょうか。もっと気軽に相談できるオンライン窓口や、匿名で利用できる支援が広がれば、早い段階で助けを求められる人が増えると思います。"
004,B,-0.22,-0.44,"自転車マナーの改善","通勤中に自転車と歩行者のトラブルをよく見かけます。歩道を猛スピードで走る人、スマホを見ながら運転する人、逆走する人など、危険な行為が日常化しています。取り締まりを強化するだけでなく、ルールを分かりやすく伝える仕組みや、地域ごとの実態に合わせた対策が必要だと思います。安全に関する意識を高める教育ももっと行われるべきです。"
005,B,0.31,0.47,"行政手続きのデジタル化","役所の手続きが複雑で、平日に時間を作って窓口に行くのが難しいと感じています。オンライン化が進んでいるとはいえ、結局どこかで紙の提出が必要だったり、本人確認のために来庁を求められたりと、完全にデジタルで完結するケースはまだ少ないです。もっと利用者の立場に立った設計がされれば、行政サービスは格段に使いやすくなるはずです。"
006,B,-0.58,0.12,"公共スペースのルール整備","公園や公共施設での利用ルールが曖昧で、利用者同士のトラブルが増えているように感じます。禁止事項ばかり掲示するのではなく、どう使えばお互いに気持ちよく過ごせるのかを示すガイドラインがあると良いと思います。地域ごとに利用者層が違うので、画一的なルールではなく、現場の声を反映した柔軟な運用が求められます。"
id,cluster_id,x,y,summary,fullOpinion
007,B,0.44,-0.11,"学校のルール見直し","子どもの学校で、昔から続くルールがそのまま残っていて、今の時代に合っていないと感じることがあります。例えば、髪型や持ち物に関する細かい規定が多く、守ること自体が目的になってしまっているように見えます。本来は学びや成長を支えるための環境づくりが大切なのに、形式的なルールに縛られてしまうと、子どもたちの自主性が育ちにくいのではないでしょうか。現場の声を取り入れながら、柔軟に見直していく必要があると思います。"
008,B,-0.19,0.51,"地域ごとの防災ルール","災害時の避難ルールが地域によってバラバラで、住民が混乱しやすいと感じます。自治体のホームページに情報は載っていますが、実際にどこへ行けばいいのか、どのタイミングで避難すべきなのかが分かりづらいです。特に高齢者や子育て世帯は、事前に明確なガイドラインがあると安心できます。地域の実情に合わせた避難計画を、もっと分かりやすく共有してほしいです。"
009,B,0.63,-0.27,"交通ルールの周知不足","車、自転車、歩行者のルールが複雑で、誰がどこを優先すべきなのか分かりにくい場面が多いです。特に交差点や歩道の境界では、利用者同士の認識がずれてトラブルが起きています。ルールを守らない人を責めるだけではなく、そもそも分かりやすく伝わっていないことが問題だと思います。もっと直感的に理解できる標識や、地域に合わせた啓発活動が必要です。"
010,C,-0.52,0.33,"多様性を尊重する社会に","職場や学校で、まだまだ『普通』という言葉が強く残っていると感じます。人それぞれ背景や価値観が違うのに、同じ基準に合わせることを求められる場面が多いです。多様性を尊重する社会を目指すなら、まずは身近な場所での小さな違いを受け入れる姿勢が必要だと思います。制度だけでなく、日常のコミュニケーションの中で変化が起きることを期待しています。"
011,C,0.27,-0.56,"表現の自由と公共性","SNSでの発信が増える中、表現の自由と公共性のバランスが難しくなっていると感じます。誰でも意見を言えるのは良いことですが、他者を傷つける言葉や誤情報が広がると、社会全体の信頼が揺らぎます。規制を強めるだけではなく、利用者自身が情報を見極める力を身につけられるような教育や仕組みが必要だと思います。"
012,C,-0.08,0.61,"若者の政治参加を促すには","若い世代が政治に関心を持ちにくいのは、情報が難しすぎたり、参加のハードルが高いからだと思います。選挙の仕組みや政策の違いを、もっと分かりやすく伝える工夫があれば、関心を持つきっかけになるはずです。学校教育だけでなく、SNSや動画など、若者が普段触れている媒体を活用した情報発信が求められます。"
id,cluster_id,x,y,summary,fullOpinion
013,A,0.48,0.09,"医療費の負担が重い","子どもが病気をすると、診察代や薬代が積み重なり、家計にじわじわと負担がのしかかってきます。特に共働き家庭では、急な発熱で仕事を休むことになり、収入面でも不安が出てきます。医療費助成の制度はありますが、対象年齢や所得制限が細かく設定されていて、実際に必要な家庭が十分に支援を受けられていないように感じます。もう少し柔軟で、生活実態に寄り添った制度設計が求められると思います。"
014,A,-0.36,-0.51,"介護サービスの地域差","同じ市内でも、地域によって介護サービスの質や量に大きな差があることに驚きました。訪問介護の事業所が多い地域では選択肢がありますが、少ない地域では予約が取りづらく、必要な支援が受けられないまま時間だけが過ぎていきます。高齢化が進む中で、地域格差がそのまま生活の質の差につながってしまうのは問題です。行政がもっと積極的に調整し、どこに住んでいても必要な支援が受けられるようにしてほしいです。"
015,A,0.11,0.62,"保健所の相談体制を強化して","体調に不安があっても、どこに相談すればいいのか分からず不安なまま過ごすことがあります。保健所に電話してもつながりにくく、結局ネットで調べて自己判断してしまうことも多いです。専門家に気軽に相談できる窓口がもっと身近にあれば、早めに対処できるケースが増えると思います。オンライン相談やチャット形式の窓口など、時代に合った仕組みが必要だと感じます。"
016,B,-0.44,0.14,"ゴミ出しルールの統一を","引っ越しをした際、地域ごとにゴミ出しのルールが大きく違うことに驚きました。曜日や分別方法が細かく決められているのは理解できますが、自治体によって基準がバラバラだと、住民が混乱しやすいと思います。最低限の部分だけでも全国で統一されれば、引っ越しのたびに覚え直す負担が減りますし、観光客や外国人にとっても分かりやすくなるはずです。"
017,B,0.52,-0.39,"公共交通のルール遵守","電車やバスでのマナー違反が増えているように感じます。大声での通話、優先席での飲食、混雑時の無理な乗り込みなど、利用者同士が気持ちよく過ごせる環境が損なわれています。ルールを守らない人をただ注意するだけではなく、利用者全体が『公共の場を共有している』という意識を持てるような啓発が必要だと思います。"
018,C,-0.13,-0.63,"情報アクセスの格差をなくしたい","インターネットが普及したとはいえ、情報にアクセスできる人とできない人の差は依然として大きいと感じます。高齢者や低所得層は、必要な情報にたどり着けず、行政サービスを十分に利用できないことがあります。情報を届ける側が『分かりやすさ』をもっと意識し、紙媒体や対面での説明など、多様な手段を組み合わせることが重要だと思います。"
id,cluster_id,x,y,summary,fullOpinion
019,C,0.41,-0.22,"ジェンダー平等の推進","日常生活の中で、まだまだ性別による役割分担が当然のように扱われている場面が多いと感じます。例えば、子育てや家事は女性が中心という前提で話が進んだり、職場でも『女性だからこの仕事は向かない』と暗に決めつけられることがあります。制度としての平等は進んでいるように見えても、意識の面では遅れが残っています。性別に関係なく選択できる社会を実現するためには、教育や職場文化の見直しが欠かせないと思います。"
020,C,-0.47,0.58,"外国人との共生社会を目指して","街中で外国人の方を見かける機会が増えましたが、行政サービスや生活情報が十分に届いていないように感じます。言語の壁だけでなく、文化の違いから誤解が生まれることもあります。共生社会を目指すなら、外国人住民が地域の一員として安心して暮らせるよう、情報提供の多言語化や相談窓口の充実が必要です。地域住民との交流の場が増えれば、お互いの理解も深まると思います。"
021,C,0.16,-0.49,"障害のある人への理解を広げたい","障害のある人が日常生活で直面する困難は、周囲の理解不足によってさらに大きくなっていると感じます。例えば、ちょっとした段差や案内表示の不備が移動の妨げになったり、コミュニケーションの取り方が分からず誤解を生むこともあります。特別な支援だけでなく、誰もが自然に配慮できる社会づくりが大切だと思います。学校や地域での啓発活動がもっと広がれば、共生の意識が育つはずです。"
022,A,-0.29,0.37,"産後ケアの充実を望む","出産後の体調やメンタルの変化は個人差が大きく、周囲に相談しづらいこともあります。産後ケアセンターの存在は知っていても、費用が高かったり予約が取りづらかったりして、実際に利用できる人は限られています。もっと気軽に利用できる仕組みや、自治体による補助があれば、母親の負担は大きく軽減されると思います。家族だけに頼らず、社会全体で支える体制が必要です。"
023,A,0.53,-0.14,"地域医療の連携不足","病院ごとに情報が分断されていて、診察のたびに同じ説明を繰り返さなければならないのが負担です。特に高齢者や持病のある人にとっては、複数の医療機関を行き来すること自体が大きな負担になります。電子カルテの共有や、地域医療ネットワークの強化が進めば、患者の負担は大幅に減るはずです。医療機関同士の連携がもっとスムーズになることを期待しています。"
024,B,-0.61,-0.05,"ペット飼育ルールの明確化","マンションや公園でのペット飼育に関するルールが曖昧で、トラブルにつながることがあります。飼い主のマナーが問われる場面も多いですが、そもそも『何がOKで何がNGなのか』が分かりづらいのが問題だと思います。地域や施設ごとにルールを明確にし、利用者に分かりやすく伝える工夫があれば、無用なトラブルは減るはずです。"
id,cluster_id,x,y,summary,fullOpinion
025,B,0.22,0.44,"深夜営業の騒音対策","自宅近くに深夜まで営業している飲食店があり、週末になると外で大声を出す利用者が増えて困っています。店側も注意はしているようですが、根本的な解決には至っていません。地域住民と店舗が協力し、騒音を抑えるためのルールづくりや、行政によるサポートが必要だと思います。住民の生活と店舗の営業が両立できるような仕組みが求められます。"
026,C,-0.33,0.19,"オンライン教育の格差","コロナ禍でオンライン授業が広がりましたが、家庭環境によって受けられる教育の質に差が出ていると感じます。通信環境が整っていない家庭や、静かな学習スペースが確保できない子どもたちは、不利な状況に置かれています。教育の機会均等を実現するためには、デバイスの貸し出しや通信費の補助など、行政による支援が不可欠だと思います。"
027,A,0.61,-0.28,"救急外来の混雑を改善して","夜間や休日の救急外来が常に混雑していて、本当に緊急性の高い患者がすぐに診てもらえない状況が続いています。軽症でも救急に来る人が多いのは、他に相談できる場所がないからだと思います。一次相談ができる窓口や、オンラインで医師に相談できる仕組みが整えば、救急外来の負担は大きく減るはずです。"
028,B,-0.57,0.42,"地域イベントのルールづくり","地域のお祭りやイベントで、参加者同士のトラブルが増えているように感じます。禁止事項ばかりを掲示するのではなく、どうすれば安全に楽しめるのかを示すガイドラインがあると良いと思います。地域の特色を生かしつつ、誰もが安心して参加できるイベント運営が求められます。"
029,C,0.09,-0.61,"プライバシーと便利さのバランス","デジタルサービスが便利になる一方で、個人情報がどこまで使われているのか不安になることがあります。便利さを享受するためにはある程度の情報提供が必要ですが、利用者が自分で選択できる仕組みがもっと整ってほしいです。透明性の高い説明と、細かい設定ができる仕組みがあれば、安心してサービスを利用できると思います。"
030,A,-0.25,0.55,"地域の健康づくりを支えたい","地域で健康づくりのイベントが開催されていますが、情報が十分に届いていないため参加者が限られているように感じます。高齢者や忙しい働き世代にも参加しやすいよう、オンライン配信や出張型の講座など、多様な形式があれば良いと思います。健康づくりは個人の努力だけでなく、地域全体で支える仕組みが必要です。"